cell,cycle,step,mode,points,duration_s,capacity_Ah,current_charge_A
LGM50_cell02,1,1,R,181,1800,0,0
LGM50_cell02,1,2,D,62,837.25998,0.116284518849308,-0.500038
LGM50_cell02,1,3,R,253,7199.98998,0,0
LGM50_cell02,1,4,C,399,10937.52,4.55705104883642,1.49996
LGM50_cell02,1,5,C,118,3496.93002,0.486508552224177,0.3274585
LGM50_cell02,1,6,R,241,7199.99004,0,0
LGM50_cell02,2,7,D,1213,35985.23004,4.99765916952717,-0.500038
LGM50_cell02,2,8,R,254,7199.99003999999,0,0
LGM50_cell02,2,9,C,390,10882.06002,4.53387674445817,1.49996
LGM50_cell02,2,10,C,117,3450.96,0.479739268763333,0.325475
LGM50_cell02,2,11,R,241,7199.98998,0,0
LGM50_cell02,3,12,D,284,7090.52998,4.92395339005192,-2.50004
LGM50_cell02,3,13,R,261,7199.99,0,0
LGM50_cell02,3,14,C,376,10696.13,4.45645834363889,1.49996
LGM50_cell02,3,15,C,116,3434.18,0.478653977609167,0.3294425
LGM50_cell02,3,16,R,241,7199.99,0,0
LGM50_cell02,4,17,D,176,3549.37,4.92966987175,-5.00008
LGM50_cell02,4,18,R,256,7199.99,0,0
LGM50_cell02,4,19,C,376,10706.11,4.46060381359722,1.49996
LGM50_cell02,4,20,C,116,3424.53,0.478112407945833,0.327077
LGM50_cell02,4,21,R,241,7199.99,0,0
LGM50_cell02,5,22,D,146,2362.84,4.92252252336111,-7.49996
LGM50_cell02,5,23,R,254,7199.99,0,0
LGM50_cell02,5,24,O,1,0,0,0
LGM50_cell03,1,1,R,181,1800,0,0
LGM50_cell03,1,2,D,61,830.50998,0.115342912345183,-0.499886
LGM50_cell03,1,3,R,253,7199.98998,0,0
LGM50_cell03,1,4,C,400,10986.82998,4.57755264595517,1.49996
LGM50_cell03,1,5,C,116,3449.37,0.471008914219583,0.3179215
LGM50_cell03,1,6,R,241,7199.98998,0,0
LGM50_cell03,2,7,D,1214,36014.35998,5.00182858445761,-0.500038
LGM50_cell03,2,8,R,255,7199.98998,0,0
LGM50_cell03,2,9,C,392,10932.46002,4.55495588890333,1.49996
LGM50_cell03,2,10,C,114,3382.65996000001,0.46242044464498,0.318227
LGM50_cell03,2,11,R,241,7199.98998,0,0
LGM50_cell03,3,12,D,284,7090.31002,4.92374279868258,-2.49989
LGM50_cell03,3,13,R,263,7199.99,0,0
LGM50_cell03,3,14,C,376,10730.53,4.47084500852778,1.49996
LGM50_cell03,3,15,C,114,3369.35,0.461770284063194,0.3176925
LGM50_cell03,3,16,R,241,7199.99,0,0
LGM50_cell03,4,17,D,176,3552.95,4.93468334398611,-5.00008
LGM50_cell03,4,18,R,257,7199.99,0,0
LGM50_cell03,4,19,C,378,10752.13,4.47971985177778,1.49996
LGM50_cell03,4,20,C,113,3346.36,0.460610605178889,0.322728
LGM50_cell03,4,21,R,241,7199.99,0,0
LGM50_cell03,5,22,D,148,2367.28,4.93175754366667,-7.49996
LGM50_cell03,5,23,R,255,7199.99,0,0
LGM50_cell03,5,24,O,1,0,0,0
LGM50_cell04,1,1,R,181,1800,0,0
LGM50_cell04,1,2,D,62,882.22998,0.122518320467033,-0.499886
LGM50_cell04,1,3,R,253,7199.98998,0,0
LGM50_cell04,1,4,C,400,10988.97,4.57837603645967,1.49981
LGM50_cell04,1,5,C,114,3378.67002,0.460375588529615,0.316396
LGM50_cell04,1,6,R,241,7199.99004,0,0
LGM50_cell04,2,7,D,1212,35953.07004,4.99326683950863,-0.500038
LGM50_cell04,2,8,R,254,7199.99003999999,0,0
LGM50_cell04,2,9,C,392,10939.73004,4.55797448761658,1.49996
LGM50_cell04,2,10,C,113,3340.35,0.45432248355625,0.314031
LGM50_cell04,2,11,R,241,7199.99003999999,0,0
LGM50_cell04,3,12,D,284,7096.31002,4.9279473530975,-2.50004
LGM50_cell04,3,13,R,261,7199.99,0,0
LGM50_cell04,3,14,C,379,10772.21,4.488209108625,1.49996
LGM50_cell04,3,15,C,111,3277.16,0.451164510781111,0.32166
LGM50_cell04,3,16,R,241,7199.98999999999,0,0
LGM50_cell04,4,17,D,177,3550.42,4.93116514752778,-5.00008
LGM50_cell04,4,18,R,256,7199.99,0,0
LGM50_cell04,4,19,C,379,10774.35,4.48900774177778,1.49996
LGM50_cell04,4,20,C,112,3307.58,0.451855040977778,0.3164725
LGM50_cell04,4,21,R,241,7199.99,0,0
LGM50_cell04,5,22,D,148,2363.03,4.92293152076389,-7.49996
LGM50_cell04,5,23,R,254,7199.99,0,0
LGM50_cell04,5,24,O,1,0,0,0
