time_s,current_charge_A,voltage_V,surface_C,ambient_C
0,1.60433,4.2029,29.3841,26.8127
30,1.46883,4.2,29.3674,26.8127
60,1.44015,4.2002,29.3841,26.7795
90,1.41497,4.2,29.3674,26.8791
120,1.39147,4.2,29.3841,26.8791
150,1.36828,4.2,29.3508,26.8791
180,1.34646,4.2,29.3841,26.8625
210,1.3225,4.1999,29.3508,26.8127
240,1.30037,4.2,29.3174,26.8957
270,1.28023,4.1999,29.3508,26.8791
300,1.25689,4.2,29.3341,26.8791
330,1.23552,4.2,29.3007,26.8459
360,1.21218,4.1999,29.3174,26.8459
390,1.19081,4.2,29.3841,26.8293
420,1.16716,4.1999,29.3508,26.8459
450,1.14427,4.2,29.2674,26.8459
480,1.12184,4.2,29.2674,26.8791
510,1.1017,4.2,29.2507,26.7961
540,1.07774,4.2,29.2674,26.7961
570,1.05318,4.2,29.2507,26.8459
600,1.03029,4.1999,29.234,26.8293
630,1.00923,4.1999,29.2173,26.8459
660,0.98558,4.1999,29.2007,26.8127
690,0.963149,4.1999,29.1173,26.8127
720,0.939651,4.2,29.1506,26.8127
750,0.91783,4.2,29.1006,26.8293
780,0.894484,4.1999,29.1006,26.8127
810,0.872053,4.2,29.0839,26.8127
840,0.850385,4.1999,29.0339,26.8293
870,0.826734,4.2002,29.0172,26.8127
900,0.806134,4.1999,28.9671,26.8293
930,0.784161,4.2002,28.9671,26.8127
960,0.762188,4.1999,28.9671,26.8127
990,0.741588,4.1999,28.9004,26.7961
1020,0.720989,4.2,28.8504,26.8459
1050,0.700999,4.2,28.817,26.8625
1080,0.677653,4.2,28.817,26.7795
1110,0.658579,4.2002,28.7837,26.7961
1140,0.638743,4.2,28.7503,26.7795
1170,0.619516,4.1997,28.717,26.7961
1200,0.600443,4.2,28.7003,26.7961
1230,0.582589,4.2,28.6669,26.7961
1260,0.563668,4.2,28.6336,26.7961
1290,0.54551,4.2,28.6502,26.8293
1320,0.526436,4.2,28.6336,26.8127
1350,0.509957,4.2,28.5668,26.8459
1380,0.492866,4.2,28.5668,26.8459
1410,0.475776,4.1999,28.5168,26.8459
1440,0.46128,4.1999,28.4668,26.8459
1470,0.445411,4.2002,28.4501,26.8459
1500,0.430304,4.1999,28.4001,26.8625
1530,0.415503,4.1999,28.4334,26.8459
1560,0.40116,4.1999,28.3667,26.8459
1590,0.386206,4.2,28.35,26.8293
1620,0.374456,4.2,28.2833,26.7961
1650,0.35996,4.1999,28.2333,26.8459
1680,0.347753,4.2,28.2833,26.8127
1710,0.335088,4.2002,28.1332,26.8293
1740,0.325475,4.1999,28.1999,26.7961
1770,0.311742,4.2,28.1832,26.8127
1800,0.301213,4.1999,28.1499,26.7961
1830,0.290379,4.2,28.1165,26.8127
1860,0.279088,4.2,28.0998,26.7961
1890,0.271153,4.2,28.0665,26.7795
1920,0.260624,4.1999,28.0164,26.7629
1950,0.252384,4.1999,27.9831,26.7795
1980,0.242924,4.2,27.9497,26.7629
2010,0.234073,4.2,27.9164,26.7629
2040,0.226902,4.2,27.883,26.8293
2070,0.218967,4.1999,27.8663,26.8459
2100,0.210117,4.1999,27.8663,26.8293
2130,0.20325,4.2,27.8663,26.8293
2160,0.194858,4.1999,27.8163,26.8293
2190,0.188144,4.1997,27.7829,26.7629
2220,0.181582,4.2,27.7663,26.8625
2250,0.17731,4.2002,27.6995,26.8127
2280,0.16907,4.1999,27.7663,26.8127
2310,0.164492,4.2,27.6662,26.7961
2340,0.158846,4.1999,27.6662,26.8293
2370,0.153201,4.2,27.6495,26.8459
2400,0.148165,4.1999,27.6161,26.8127
2430,0.142367,4.2,27.6161,26.8625
2460,0.13901,4.1999,27.5995,26.8459
2490,0.134737,4.2,27.5661,26.8293
2520,0.128786,4.2002,27.6161,26.8293
2550,0.124819,4.1999,27.5661,26.7961
2580,0.120699,4.2002,27.5494,26.7629
2610,0.118563,4.2,27.4827,26.8127
2640,0.11429,4.2,27.5161,26.7795
2670,0.11017,4.2002,27.4994,26.7463
2700,0.10544,4.1999,27.4827,26.7463
2730,0.102693,4.2,27.4494,26.8293
2760,0.0988785,4.1999,27.4327,26.8127
2790,0.0958267,4.2,27.4327,26.7961
2820,0.0926223,4.2,27.4327,26.7795
2850,0.0918593,4.2,27.3993,26.7795
2880,0.0881971,4.2,27.3826,26.7629
2910,0.0848402,4.2,27.3326,26.8293
2940,0.083772,4.2002,27.3326,26.8459
2970,0.0816358,4.1999,27.3326,26.8459
3000,0.0775158,4.2,27.3159,26.8459
3030,0.0756847,4.2,27.366,26.8459
3060,0.0727855,4.1997,27.3493,26.8293
3090,0.071107,4.2,27.2826,26.8293
3120,0.0686656,4.2002,27.2992,26.8459
3150,0.0695811,4.2,27.2659,26.8459
3180,0.0650034,4.1999,27.2659,26.8459
3210,0.0642405,4.2,27.2492,26.8625
3240,0.061799,4.2,27.2325,26.8459
3270,0.0596628,4.1999,27.2325,26.8293
3300,0.0595102,4.1999,27.2659,26.8127
3330,0.0579843,4.2002,27.2492,26.7795
3360,0.0555428,4.2,27.1992,26.8293
3390,0.0546273,4.2,27.2325,26.7629
3420,0.0534066,4.2,27.2158,26.8127
3450,0.0515755,4.2,27.1992,26.7961
3450.96,0.0500496,4.2,27.1825,26.7961
