stoichiometry,anode_OCP_V,cathode_OCP_V
0.001,2.3071365317325974,4.677695312668803
0.002666110183639399,2.1863283986492066,4.676337730502297
0.004332220367278798,2.073186761626956,4.674979671988844
0.005998330550918197,1.9672247297379528,4.673621113996592
0.007664440734557596,1.8679862958293996,4.672262032286472
0.009330550918196994,1.7750443736398414,4.670902401460189
0.010996661101836395,1.687998959271811,4.669542194905862
0.012662771285475792,1.6064754091025932,4.668181384741192
0.014328881469115193,1.5301228267152374,4.666819941754003
0.01599499165275459,1.4586125519004218,4.665457835340121
0.01766110183639399,1.3916367452183227,4.664095033438429
0.019327212020033388,1.3289070620201842,4.662731502462957
0.02099332220367279,1.2701534102135852,4.661367207231926
0.02265943238731219,1.2151227864151395,4.660002110893604
0.024325542570951587,1.1635781854711147,4.65863617484877
0.025991652754590984,1.1152975786416783,4.657269358669794
0.027657762938230385,1.0700729560395894,4.655901620016007
0.029323873121869785,1.0277094291904483,4.654532914545332
0.030989983305509183,0.9880243898403659,4.653163195821971
0.03265609348914858,0.9508467213792595,4.651792415219983
0.03432220367278798,0.9160160594751161,4.650420521822596
0.03598831385642738,0.8833820987275074,4.649047462317071
0.037654424040066775,0.852803942348491,4.647673180884908
0.039320534223706176,0.8241494920667726,4.646297619087253
0.04098664440734558,0.7972948756276644,4.644920715745279
0.04265275459098498,0.7721239094279041,4.643542406815307
0.04431886477462438,0.7485275939818333,4.642162625258546
0.04598497495826377,0.726403640064731,4.640781300905125
0.04765108514190317,0.7056560235212946,4.639398360312267
0.04931719532554257,0.6861945668634206,4.638013726616375
0.05098330550918197,0.6679345459126229,4.6366273193786895
0.05264941569282137,0.6507963198698142,4.635239054424449
0.05431552587646077,0.6347049833199513,4.6338488436751
0.05598163606010017,0.619590038802473,4.632456594973455
0.05764774624373957,0.6053850887018796,4.631062211901419
0.059313856427378964,0.5920275453375838,4.62966559359009
0.060979966611018364,0.5794583582597373,4.628266634521893
0.06264607679465777,0.5676217578895126,4.6268652243244475
0.06431218697829716,0.5564650147797003,4.625461247555961
0.06597829716193657,0.54593821391571,4.624054583481712
0.06764440734557596,0.5359940436292108,4.6226451058414
0.06931051752921535,0.5265875988573994,4.62123268260703
0.07097662771285476,0.5176761986504073,4.61981717573099
0.07264273789649416,0.5092192180070648,4.618398440883979
0.07430884808013355,0.5011779343034909,4.616976327182492
0.07597495826377296,0.4935153887667691,4.615550676905489
0.07764106844741235,0.4861962636325408,4.614121325199918
0.07930717863105176,0.4791867758037805,4.6126880997747115
0.08097328881469115,0.4724545879888058,4.611250820583006
0.08263939899833055,0.46596873842724673,4.609809299492092
0.08430550918196995,0.45969959039757624,4.608363339940894
0.08597161936560935,0.45361880271987387,4.6069127365844835
0.08763772954924876,0.44769932240072313,4.6054572749254525
0.08930383973288815,0.44191540038911303,4.60399673093163
0.09096994991652754,0.43624263109748634,4.602530870639971
0.09263606010016695,0.43065801586621444,4.601059449746167
0.09430217028380634,0.425140049892325,4.5995822131797794
0.09596828046744574,0.41966883129155835,4.598098894664474
0.09763439065108515,0.4142261899164992,4.596609216263257
0.09930050083472454,0.40879583232978756,4.595112887908247
0.10096661101836393,0.40336349796994175,4.593609606914889
0.10263272120200334,0.39791712011440344,4.592099057480429
0.10429883138564273,0.3924469838350771,4.5905809101663415
0.10596494156928214,0.3869458718786083,4.589054821364712
0.10763105175292154,0.3814091884318981,4.587520432748423
0.10929716193656093,0.37583505020943947,4.585977370705109
0.11096327212020034,0.3702243343750675,4.5844252457549715
0.11262938230383973,0.3645806736136271,4.582863651952369
0.11429549248747914,0.35891039027676674,4.581292166271577
0.11596160267111853,0.353222363950231,4.5797103479767465
0.11762771285475793,0.34752782994915443,4.578117737976484
0.11929382303839733,0.3418401099700206,4.576513858163516
0.12095993322203673,0.33617428015162665,4.574898210739857
0.12262604340567612,0.3305467857933934,4.5732702775283265
0.12429215358931553,0.32497501558541514,4.5716295192710525
0.1259582637729549,0.3194768510697335,4.5699753749159875
0.12762437395659432,0.3140702088837878,4.568307260892663
0.12929048414023372,0.308772593942176,4.566624570378291
0.13095659432387313,0.3036006810275703,4.564926672555941
0.1326227045075125,0.2985699403597821,4.563212911866422
0.13428881469115192,0.2936943197944799,4.561482607255915
0.13595492487479133,0.28898599266828096,4.559735051421594
0.1376210350584307,0.2844551763082809,4.557969510057834
0.13928714524207012,0.2801100222228967,4.556185221105853
0.14095325542570952,0.2759565753126436,4.554381394010122
0.1426193656093489,0.27199879633989626,4.5525572089850215
0.1442854757929883,0.2682386395421454,4.550711816295966
0.14595158597662772,0.26467617573572383,4.548844335559341
0.1476176961602671,0.2613097505221931,4.54695385506637
0.1492838063439065,0.258136167194574,4.5450394311363524
0.1509499165275459,0.2551508845158944,4.543100087505419
0.15261602671118532,0.2523482205551486,4.541134814757488
0.1542821368948247,0.24972155505959212,4.5391425698048735
0.1559482470784641,0.24726352427370069,4.537122275426572
0.15761435726210352,0.2449662035633098,4.535072819873118
0.1592804674457429,0.2428212745754996,4.532993056547756
0.1609465776293823,0.24082017489649163,4.530881803774438
0.1626126878130217,0.23895422922333023,4.528737844664128
0.1642787979966611,0.2372147619247525,4.526559927092006
0.1659449081803005,0.23559319153384325,4.524346763798967
0.1676110183639399,0.23408110820330538,4.522097032632228
0.1692771285475793,0.23267033548442578,4.519809376940689
0.1709432387312187,0.23135297798777477,4.517482406142189
0.1726093489148581,0.23012145657289448,4.515114696480978
0.1742754590984975,0.22896853272010204,4.512704791994949
0.1759415692821369,0.22788732368204787,4.51025120571369
0.1776076794657763,0.22687130991471546,4.5077524211097995
0.1792737896494157,0.22591433616275264,4.505206893827289
0.18093989983305508,0.2250106074347676,4.502613053712334
0.1826060100166945,0.22415468095999752,4.499969307173284
0.1842721202003339,0.22334145507548495,4.497274039898016
0.18593823038397328,0.2225661558573925,4.49452561995842
0.1876043405676127,0.2218243221844453,4.491722401332957
0.1892704507512521,0.2211117898074755,4.488862727879713
0.19093656093489147,0.2204246748974151,4.485944937793434
0.19260267111853088,0.21975935745487085,4.482967368581097
0.1942687813021703,0.21911246488715633,4.479928362591529
0.19593489148580967,0.21848085599254463,4.476826273135103
0.19760100166944908,0.2178616055355701,4.4736594712299045
0.19926711185308849,0.2172519895503657,4.4704263530109
0.20093322203672787,0.2166494714701884,4.467125347837975
0.20259933222036727,0.2160516891493979,4.463754927138137
0.20426544240400668,0.21545644281821758,4.460313614015419
0.2059315525876461,0.21486168398970898,4.456799993660166
0.20759766277128547,0.2142655053217078,4.453212724586351
0.20926377295492488,0.2136661314232703,4.449550550721931
0.21092988313856428,0.2130619105848321,4.445812314372642
0.21259599332220366,0.2124513074032301,4.441996970073685
0.21426210350584307,0.2118328962665158,4.438103599337079
0.21592821368948248,0.21120535565870088,4.43413142629387
0.21759432387312186,0.21056746324088624,4.430079834220969
0.21926043405676127,0.20991809166236972,4.425948382930855
0.22092654424040067,0.20925620505308135,4.421736826989539
0.22259265442404005,0.20858085614688296,4.417445134713345
0.22425876460767946,0.20789118398376633,4.413073507878456
0.22592487479131887,0.2071864121376806,4.408622402058533
0.22759098497495828,0.20646584741556387,4.404092547485133
0.22925709515859766,0.20572887897209288,4.3994849703029555
0.23092320534223706,0.20497497778369578,4.394801014067474
0.23258931552587647,0.20420369642449324,4.390042361305975
0.23425542570951585,0.20341466908607345,4.385211054934773
0.23592153589315526,0.2026076117824034,4.380309519295745
0.23758764607679467,0.20178232268078158,4.375340580544384
0.23925375626043405,0.20093868249961352,4.370307486089889
0.24091986644407345,0.2000766549140025,4.365213922755769
0.24258597662771286,0.19919628691076796,4.360064033298018
0.24425208681135224,0.19829770903560381,4.3548624308871435
0.24591819699499165,0.19738113547673733,4.34961421113211
0.24758430717863106,0.19644686393170566,4.344324961198533
0.24925041736227044,0.19549527520678764,4.339000765552207
0.2509165275459098,0.1945268325022473,4.333648207842991
0.25258263772954925,0.19354208034088952,4.328274368434988
0.25424874791318863,0.19254164310249805,4.3228868170877135
0.25591485809682807,0.19152622313250736,4.317493600301745
0.25758096828046745,0.19049659839971064,4.312103222862053
0.25924707846410683,0.18945361968486343,4.3067246231446354
0.26091318864774626,0.1883982072896214,4.301367141798391
0.26257929883138564,0.18733134726323622,4.296040483475682
0.264245409015025,0.18625408715270125,4.290754671362398
0.26591151919866446,0.18516753129043523,4.28551999435259
0.26757762938230384,0.18407283564195556,4.280346946823309
0.2692437395659432,0.18297120224415092,4.275246161092683
0.27090984974958265,0.1818638732725359,4.270228332786669
0.27257595993322203,0.18075212478308833,4.265304139496328
0.2742420701168614,0.17963726018075246,4.260484153275041
0.27590818030050085,0.17852060347229612,4.255778747701186
0.27757429048414023,0.1774034923657898,4.251198000411842
0.2792404006677796,0.1762872712824234,4.24675159219316
0.28090651085141904,0.17517328434860524,4.242448703887332
0.2825726210350584,0.1740628684372469,4.238297912538862
0.2842387312186978,0.17295734632680518,4.234307088347981
0.28590484140233724,0.17185802004504752,4.2304832941200186
0.2875709515859766,0.17076616446167758,4.2268326889898855
0.289237061769616,0.16968302118998488,4.223360438254797
0.29090317195325543,0.16860979285267888,4.220070631160386
0.2925692821368948,0.167547637761171,4.216966208451134
0.2942353923205342,0.16649766505092733,4.21404890141253
0.29590150250417363,0.16546093030831271,4.211319183997938
0.297567612687813,0.1644384317167493,4.208776239448007
0.29923372287145245,0.1634311067422111,4.206417942576882
0.3008998330550918,0.16243982937024515,4.204240858621617
0.3025659432387312,0.16146540789901814,4.202240259234944
0.30423205342237064,0.16050858328549442,4.200410155855524
0.30589816360601,0.15957002803489279,4.198743350322973
0.3075642737896494,0.15865034561716823,4.197231502228805
0.30923038397328884,0.15775007038851213,4.1958652121204025
0.3108964941569282,0.15686966799083707,4.194634119315557
0.3125626043405676,0.15600953619796,4.193527012751908
0.31422871452420703,0.15517000617374066,4.192531953000109
0.3158948247078464,0.15435134410478243,4.191636403321636
0.3175609348914858,0.1535537531684389,4.190827367460278
0.3192270450751252,0.15277737579576373,4.190091531726594
0.3208931552587646,0.15202229618864066,4.1894154088708175
0.322559265442404,0.15128854305058242,4.188785481243128
0.3242253756260434,0.1505760924915195,4.18818834080951
0.3258914858096828,0.14988487106824017,4.1876108237227925
0.3275575959933222,0.14921475892391636,4.18704013733608
0.3292237061769616,0.1485655929922747,4.186463977781392
0.330889816360601,0.1479371702343784,4.185870636511024
0.3325559265442404,0.1473292508785934,4.1852490945021605
0.3342220367278798,0.1467415616370573,4.184589103146011
0.3358881469115192,0.14617379887479096,4.183881251170301
0.33755425709515857,0.14562563171042572,4.183117017267937
0.339220367278798,0.14509670503032784,4.182288808415521
0.3408864774624374,0.14458664240062907,4.181389984154987
0.34255258764607677,0.1440950488642958,4.180414867372684
0.3442186978297162,0.14362151361285344,4.179358742338031
0.3458848080133556,0.1431656125247069,4.178217840954127
0.347550918196995,0.1427269105641513,4.176989318323899
0.3492170283806344,0.14230496403713264,4.175671218846701
0.3508831385642738,0.14189932270159494,4.174262434132826
0.3525492487479132,0.1415095317318379,4.172762654059106
0.3542153589315526,0.14113513353770615,4.1711723122907545
0.355881469115192,0.1407756694406468,4.169492527566547
0.3575475792988314,0.14043068120971208,4.1677250419907255
0.3592136894824708,0.1400997124614592,4.165872157499879
0.36087979966611017,0.13978230992841895,4.163936671581558
0.3625459098497496,0.13947802460138378,4.1619218132172255
0.364212020033389,0.13918641275121257,4.159831179910631
0.36587813021702836,0.13890703683617958,4.157668676546413
0.3675442404006678,0.1386394663011204,4.155438456707282
0.3692103505843072,0.13838327827475747,4.153144866963595
0.37087646076794656,0.13813805817164068,4.1507923945393745
0.372542570951586,0.13790340020511607,4.148385618655727
0.3742086811352254,0.13767890781765668,4.145929165757314
0.37587479131886475,0.1374641940347595,4.143427668741609
0.3775409015025042,0.13725888174844017,4.140885730234055
0.37920701168614357,0.13706260393615258,4.138307889885649
0.38087312186978295,0.13687500382072737,4.1356985956128
0.3825392320534224,0.1366957349766753,4.133062178651818
0.38420534223706176,0.13652446138793206,4.130402832262428
0.38587145242070114,0.13636085746184912,4.127724593884674
0.3875375626043406,0.1362046080039553,4.125031330531561
0.38920367278797996,0.13605540815773148,4.122326727184472
0.39086978297161934,0.13591296331336314,4.119614277949413
0.3925358931552588,0.1357769889891608,4.116897279728041
0.39420200333889815,0.13564721068906874,4.114178828158304
0.39586811352253753,0.13552336373942403,4.111461815583747
0.39753422370617697,0.13540519310787688,4.108748930818022
0.39920033388981635,0.13529245320714248,4.106042660480934
0.40086644407345573,0.13518490768602676,4.10334529169406
0.40253255425709517,0.13508232920995122,4.10065891593684
0.40419866444073455,0.13498449923299577,4.097985433878032
0.405864774624374,0.13489120776328672,4.095326561011591
0.40753088480801336,0.13480225312337477,4.092683833940631
0.40919699499165274,0.1347174417070794,4.090058617167463
0.4108631051752922,0.13463658773411674,4.087452110261848
0.41252921535893156,0.13455951300368266,4.084865355293063
0.41419532554257094,0.13448604664802544,4.08229924442448
0.41586143572621037,0.13441602488691767,4.079754527581546
0.41752754590984975,0.13434929078381913,4.077231820115514
0.41919365609348913,0.13428569400441723,4.074731610396018
0.42085976627712857,0.134225090578132,4.072254267275303
0.42252587646076795,0.13416734266308225,4.069800047376077
0.4241919866444073,0.13411231831492743,4.06736910216296
0.42585809682804676,0.13405989125992343,4.064961484765096
0.42752420701168614,0.13400994067246086,4.062577156524018
0.4291903171953255,0.13396235095729095,4.060215993246782
0.43085642737896496,0.13391701153658706,4.057877791149814
0.43252253756260434,0.13387381664193443,4.0555622724833995
0.4341886477462437,0.13383266511129405,4.053269090830895
0.43585475792988315,0.13379346019093985,4.050997836080423
0.43752086811352253,0.1337561093423283,4.048748039069732
0.4391869782971619,0.13372052405381948,4.046519175907811
0.44085308848080135,0.1336866196571342,4.0443106719789625
0.4425191986644407,0.13365431514839649,4.042121905637291
0.4441853088480801,0.1336235330135805,4.039952211601026
0.44585141903171954,0.13359419905814846,4.03780088405783
0.4475175292153589,0.13356624224063737,4.0356671794933305
0.4491836393989983,0.13353959450992348,4.033550319256385
0.45084974958263774,0.13351419064586406,4.0314494918754615
0.4525158597662771,0.13348996810298644,4.029363855141536
0.45418196994991655,0.13346686685686607,4.0272925379734925
0.45584808013355593,0.13344482925280335,4.025234642083063
0.4575141903171953,0.1334237998563776,4.023189243456862
0.45918030050083475,0.13340372530542235,4.0211553936738476
0.46084641068447413,0.13338455416293152,4.019132121077288
0.4625125208681135,0.13336623677036497,4.017118431821173
0.46417863105175294,0.13334872510078308,4.015113310811547
0.4658447412353923,0.13333197261119226,4.0131157225644
0.4675108514190317,0.1333159340934359,4.011124612002391
0.46917696160267114,0.13330056552290923,4.009138905213749
0.4708430717863105,0.13328582390431937,4.007157510197711
0.4725091819699499,0.13327166711364508,4.005179317621765
0.47417529215358933,0.1332580537353795,4.003203201617197
0.4758414023372287,0.13324494289406083,4.001228020640422
0.4775075125208681,0.13323229407900777,3.999252618428674
0.47917362270450753,0.1332200669610827,3.9972758250797114
0.4808397328881469,0.13320822120019724,3.9952964582861235
0.4825058430717863,0.1331967162421627,3.9933133247557144
0.4841719532554257,0.13318551110335647,3.991325221850044
0.4858380634390651,0.13317456414153792,3.98933093947376
0.4875041736227045,0.13316383281099242,3.9873292622474708
0.4891702838063439,0.13315327340001354,3.985318971996591
0.4908363939899833,0.13314284074854876,3.9832988505881026
0.4925025041736227,0.13313248794363303,3.9812676831457274
0.4941686143572621,0.1331221659900123,3.97922426167222
0.4958347245409015,0.13311182345312259,3.9771673891048565
0.4975008347245409,0.13310140607132662,3.975095883826592
0.4991669449081803,0.1330908563340304,3.9730085846509464
0.5008330550918196,0.13308011302199604,3.9709043562931807
0.5024991652754591,0.1330691107058403,3.9687820953334825
0.5041652754590985,0.13305777919835612,3.9666407366703034
0.5058313856427379,0.1330460429559208,3.9644792604525296
0.5074974958263773,0.13303382042385464,3.962296699469025
0.5091636060100166,0.1330210233201769,3.960092146962431
0.5108297161936561,0.13300755585176566,3.9578647648212453
0.5124958263772955,0.13299331385647517,3.9556137920906718
0.5141619365609349,0.13297818386429833,3.9533385537279955
0.5158280467445743,0.13296204207019444,3.951038469513122
0.5174941569282137,0.13294475321073893,3.9487130630099028
0.519160267111853,0.13292616933630758,3.9463619704583657
0.5208263772954925,0.1329061284700967,3.943984949463996
0.5224924874791319,0.13288445314492384,3.9415818873368558
0.5241585976627713,0.13286094880847998,3.9391528089220706
0.5258247078464107,0.1328354020875382,3.9366978837545314
0.52749081803005,0.13280757890161576,3.9342174323648393
0.5291569282136894,0.13277722241677758,3.931711931561626
0.5308230383973289,0.1327440508307245,3.92918201851775
0.5324891485809683,0.13270775498110135,3.926628493495004
0.5341552587646077,0.13266799577017535,3.924052321054255
0.5358213689482471,0.13262440140078152,3.921454629615546
0.5374874791318864,0.1325765644208329,3.918836709255789
0.5391535893155259,0.13252403857689554,3.916200007659647
0.5408196994991653,0.1324663354815019,3.9135461241721483
0.5424858096828047,0.1324029211042184,3.9108768019382296
0.5441519198664441,0.132333212103211,3.9081939181545486
0.5458180300500834,0.1322565720224185,3.9054994725002636
0.5474841402337228,0.13217230738971397,3.9027955738563964
0.5491502504173623,0.13207966376389493,3.9000844254646054
0.5508163606010017,0.13197782179329726,3.89736830871567
0.5524824707846411,0.13186589336655677,3.8946495657937064
0.5541485809682805,0.13174291795681764,3.8919305814320637
0.5558146911519198,0.1316078592847142,3.889213764061452
0.5574808013355592,0.13145960245284669,3.8865015266470966
0.5591469115191987,0.13129695173519862,3.8837962675205837
0.5608130217028381,0.13111862923875603,3.8811003515123286
0.5624791318864775,0.1309232746909498,3.8784160916822383
0.5641452420701168,0.13070944664451536,3.875745731930195
0.5658113522537562,0.1304756254295193,3.873091430744106
0.5674774624373956,0.13022021821858698,3.870455246313334
0.5691435726210351,0.1299415666029919,3.867839123200035
0.5708096828046745,0.1296379571005984,3.8652448807217183
0.5724757929883139,0.12930763502715673,3.8626742031568657
0.5741419031719532,0.12894882215466713,3.860128631842958
0.5758080133555926,0.12855973854819908,3.8576095591943993
0.577474123539232,0.12813862890882838,3.8551182246277946
0.5791402337228715,0.12768379364824511,3.852655712344813
0.5808063439065109,0.12719362477362633,3.850222950890082
0.5824724540901502,0.12666664646450834,3.8478207143726593
0.5841385642737896,0.12610155997420577,3.8454496252167587
0.585804674457429,0.12549729218833963,3.8431101582889102
0.5874707846410684,0.12485304682923896,3.840802646236442
0.5891368948247079,0.124168356921143,3.8385272858644335
0.5908030050083473,0.12344313674880139,3.836284145375739
0.5924691151919866,0.12267773118082008,3.8340731723001795
0.594135225375626,0.12187295992569876,3.8318942019445092
0.5958013355592654,0.12103015408465312,3.8297469662033023
0.5974674457429049,0.12015118230388569,3.827631102581906
0.5991335559265443,0.11923846394866279,3.825546163295634
0.6007996661101836,0.11829496705061633,3.8234916243235144
0.602465776293823,0.11732418932935137,3.821466894309907
0.6041318864774624,0.11633012134830864,3.8194713232224746
0.6057979966611018,0.11531719179559298,3.8175042106899646
0.6074641068447413,0.11429019591999372,3.815564813957753
0.6091302170283807,0.11325420921612248,3.8136523554127493
0.61079632721202,0.11221448944302725,3.8117660296419995
0.6124624373956594,0.11117637087938774,3.8099050100006746
0.6141285475792988,0.1101451552794044,3.80806845467559
0.6157946577629382,0.1091260042356717,3.8062555122393746
0.6174607679465777,0.10812383755178809,3.8044653266980166
0.619126878130217,0.1071432417897306,3.8026970420413377
0.6207929883138564,0.1061883924332445,3.800949806310971
0.6224590984974958,0.10526299217600692,3.7992227752051217
0.6241252086811352,0.10437022679715516,3.7975151152423106
0.6257913188647746,0.10351273902633604,3.795826006509003
0.6274574290484141,0.10269261981675686,3.794154645017615
0.6291235392320534,0.10191141561037365,3.7925002447023637
0.6307896494156928,0.10117014954233704,3.7908620390807464
0.6324557595993322,0.1004693541137736,3.7892392826085732
0.6341218697829716,0.09980911266024031,3.7876312517557835
0.635787979966611,0.09918910693563159,3.7860372458295632
0.6374540901502505,0.09860866828266124,3.7844565875703324
0.6391202003338898,0.0980668301293955,3.78288862354475
0.6407863105175292,0.09756237989395397,3.7813327243586876
0.6424524207011686,0.09709390875730341,3.7797882847116444
0.644118530884808,0.09665985814438997,3.7782547233124664
0.6457846410684475,0.09625856211187976,3.776731482674915
0.6474507512520868,0.0958882851596636,3.7752180288099506
0.6491168614357262,0.09554725525346672,3.773713850830296
0.6507829716193656,0.09523369206380906,3.772218460481252
0.652449081803005,0.0949458305932055,3.770731391610523
0.6541151919866444,0.09468194048300978,3.769252199588557
0.6557813021702839,0.09444034136971705,3.7677804606894636
0.6574474123539232,0.09421941470471633,3.7663157714417235
0.6591135225375626,0.09401761246839414,3.7648577479567162
0.660779632721202,0.0938334632056724,3.763406025242084
0.6624457429048414,0.09366557579131604,3.7619602565061907
0.6641118530884808,0.09351264130458667,3.7605201124590355
0.6657779632721202,0.09337343335803645,3.759085280614226
0.6674440734557596,0.09324680718755096,3.757655464596038
0.669110183639399,0.09313169777249958,3.7562303834549233
0.6707762938230384,0.0930271172177029,3.7548097709942567
0.6724424040066778,0.09293215159399894,3.7533933751107753
0.6741085141903171,0.09284595740217344,3.751980957150513
0.6757746243739566,0.0927677577962633,3.7505722912818964
0.677440734557596,0.09269683867686268,3.7491671638871296
0.6791068447412354,0.09263254474299379,3.74776537297282
0.6807729549248748,0.09257427557217275,3.7463667276005364
0.6824390651085142,0.09252148178226187,3.7449710473376943
0.6841051752921535,0.09247366131526752,3.743578161729026
0.685771285475793,0.09243035587212331,3.7421879097887505
0.6874373956594324,0.09239114751839776,3.7408001395133716
0.6891035058430718,0.09235565547350791,3.7394147074148787
0.6907696160267112,0.09232353309014651,3.7380314780741593
0.6924357262103505,0.0922944650260126,3.736650323714171
0.69410183639399,0.09226816460636157,3.7352711237925487
0.6957679465776294,0.0922443713731882,3.733893764613045
0.6974340567612688,0.0922228488148617,3.732518138955351
0.6991001669449082,0.09220338226861803,3.7311441457227374
0.7007662771285476,0.09218577698736444,3.729771689606906
0.7024323873121869,0.09216985636167137,3.728400680769422
0.7040984974958264,0.09215546028753908,3.7270310345391895
0.7057646076794658,0.0921424436704618,3.7256626711253045
0.7074307178631052,0.09213067505642267,3.7242955153446236
0.7090968280467446,0.09212003538068662,3.7229294963635358
0.710762938230384,0.09211041682559165,3.7215645474532515
0.7124290484140233,0.09210172177892789,3.7202006057580377
0.7140951585976628,0.09209386188493339,3.7188376120757987
0.7157612687813022,0.092086757180392,3.717475510650454
0.7174273789649416,0.09208033530879088,3.7161142489755647
0.719093489148581,0.09207453080596335,3.7147537776085997
0.7207595993322203,0.09206928445110539,3.713394049995422
0.7224257095158597,0.09206454267750251,3.7120350223044163
0.7240918196994992,0.09206025703773266,3.710676653269781
0.7257579298831386,0.09205638371852153,3.7093189040435846
0.727424040066778,0.0920528831008135,3.707961738056019
0.7290901502504173,0.09204971936098476,3.706605120883541
0.7307562604340567,0.0920468601094668,3.705249020124418
0.7324223706176961,0.0920442760633642,3.703893405281308
0.7340884808013356,0.09204194074994548,3.7025382476504873
0.735754590984975,0.09203983023815906,3.701183520217384
0.7374207011686144,0.09203792289557489,3.69982919755809
0.7390868113522537,0.09203619916838722,3.6984752557464624
0.7407529215358931,0.09203464138232323,3.697121672266576
0.7424190317195325,0.09203323356249929,3.695768425930222
0.744085141903172,0.09203196127044391,3.694415496799113
0.7457512520868114,0.09203081145666972,3.693062866111646
0.7474173622704507,0.09202977232732673,3.6917105162138064
0.7490834724540901,0.09202883322360346,3.6903584304941663
0.7507495826377295,0.09202798451266755,3.689006593322601
0.752415692821369,0.09202721748905011,3.6876549899925806
0.7540818030050084,0.09202652428547982,3.686303606666822
0.7557479131886478,0.09202589779226722,3.684952430326108
0.7574140233722871,0.09202533158442329,3.6836014487210846
0.7590801335559265,0.09202481985577432,3.682250650326889
0.7607462437395659,0.09202435735940381,3.6809000243004295
0.7624123539232054,0.09202393935381714,3.679549560440142
0.7640784641068448,0.09202356155427957,3.678199249148136
0.7657445742904841,0.09202322008883407,3.6768490813945576
0.7674106844741235,0.0920229114585479,3.6754990486840082
0.7690767946577629,0.09202263250158471,3.6741491430239996
0.7707429048414023,0.0920223803607327,3.6727993568951955
0.7724090150250418,0.09202215245405879,3.6714496832234715
0.7740751252086812,0.09202194644838763,3.6701001153535433
0.7757412353923205,0.09202176023533382,3.6687506470242273
0.7774073455759599,0.09202159190964262,3.6674012723451117
0.7790734557595993,0.09202143974961627,3.6660519857746046
0.7807395659432387,0.09202130219942589,3.664702782099308
0.7824056761268782,0.0920211778531275,3.6633536564145643
0.7840717863105175,0.09202106544021749,3.6620046041061904
0.7857378964941569,0.09202096381258071,3.6606556208332854
0.7874040066777963,0.0920208719326952,3.6593067025120263
0.7890701168614357,0.09202078886297449,3.657957845300457
0.7907362270450751,0.09202071375613637,3.6566090455841476
0.7924023372287146,0.09202064584650013,3.655260299962732
0.7940684474123539,0.09202058444212274,3.6539116052372087
0.7957345575959933,0.0920205289176926,3.6525629583980237
0.7974006677796327,0.0920204787081087,3.6512143566138313
0.7990667779632721,0.09202043330267802,3.649865797220958
0.8007328881469115,0.09202039223987303,3.6485172777134345
0.802398998330551,0.092020355102594,3.64716879573367
0.8040651085141903,0.09202032151388806,3.645820349063671
0.8057312186978297,0.09202029113308097,3.6444719356167354
0.8073973288814691,0.09202026365228204,3.643123553429705
0.8090634390651085,0.09202023879322532,3.6417752006556157
0.810729549248748,0.09202021630441597,3.640426875556834
0.8123956594323873,0.09202019595855104,3.639078576498573
0.8140617696160267,0.09202017755018937,3.6377303019427956
0.8157278797996661,0.09202016089364604,3.6363820504424655
0.8173939899833055,0.0920201458210891,3.6350338206361883
0.8190601001669449,0.09202013218082088,3.633685611243102
0.8207262103505844,0.09202011983572389,3.6323374210581374
0.8223923205342237,0.09202010866185703,3.630989248947504
0.8240584307178631,0.09202009854718703,3.6296410938444676
0.8257245409015025,0.09202008939044214,3.6282929547454064
0.8273906510851419,0.09202008110007615,3.6269448307060337
0.8290567612687813,0.09202007359333227,3.625596720837903
0.8307228714524207,0.0920200667953974,3.6242486243050998
0.8323889816360601,0.09202006063863759,3.622900540321126
0.8340550918196995,0.09202005506190761,3.62155246814598
0.8357212020033389,0.09202005000992629,3.6202044070834045
0.8373873121869783,0.09202004543271297,3.618856356478277
0.8390534223706176,0.09202004128507728,3.617508315714195
0.8407195325542571,0.09202003752615895,3.6161602842111726
0.8423856427378965,0.09202003411901118,3.6148122614234985
0.8440517529215359,0.0920200310302248,3.6134642468376903
0.8457178631051753,0.09202002822958802,3.612116239970593
0.8473839732888147,0.0920200256897793,3.610768240367584
0.849050083472454,0.09202002338608974,3.6094202476008856
0.8507161936560935,0.0920200212961722,3.6080722612679867
0.8523823038397329,0.0920200193998145,3.606724280990118
0.8540484140233723,0.09202001767873426,3.605376306410891
0.8557145242070117,0.09202001611639402,3.604028337194931
0.857380634390651,0.09202001469783369,3.6026803730266614
0.8590467445742905,0.09202001340951915,3.6013324136091214
0.8607128547579299,0.09202001223920568,3.599984458662874
0.8623789649415693,0.09202001117581432,3.5986365079249616
0.8640450751252087,0.09202001020932007,3.5972885611479306
0.865711185308848,0.09202000933065099,3.595940618098929
0.8673772954924874,0.09202000853159702,3.5945926785588114
0.8690434056761269,0.09202000780472738,3.593244742321385
0.8707095158597663,0.09202000714331598,3.59189680919258
0.8723756260434057,0.09202000654127414,3.590548878989777
0.8740417362270451,0.09202000599308954,3.589200951541116
0.8757078464106844,0.09202000549377126,3.587853026684858
0.8773739565943238,0.09202000503879997,3.586505104268788
0.8790400667779633,0.09202000462408277,3.585157184149672
0.8807061769616027,0.0920200042459127,3.583809266192686
0.8823722871452421,0.09202000390093178,3.5824613502709646
0.8840383973288815,0.09202000358609796,3.5811134362650954
0.8857045075125208,0.09202000329865484,3.5797655240627044
0.8873706176961602,0.09202000303610455,3.5784176135580275
0.8890367278797997,0.0920200027961833,3.5770697046515156
0.8907028380634391,0.09202000257683882,3.5757217972494875
0.8923689482470785,0.09202000237621069,3.574373891263763
0.8940350584307178,0.09202000219261179,3.5730259866113503
0.8957011686143572,0.09202000202451206,3.5716780832141435
0.8973672787979966,0.09202000187052356,3.57033018099861
0.8990333889816361,0.09202000172938701,3.568982279895561
0.9006994991652755,0.09202000159995985,3.567634379839852
0.9023656093489149,0.09202000148120477,3.566286480770186
0.9040317195325542,0.0920200013721802,3.564938582628857
0.9056978297161936,0.09202000127203112,3.563590685361545
0.9073639398998331,0.09202000117998091,3.562242788917114
0.9090300500834725,0.09202000109532413,3.560894893247454
0.9106961602671119,0.09202000101741946,3.559546998307253
0.9123622704507512,0.09202000094568422,3.5581991040538714
0.9140283806343906,0.0920200008795885,3.5568512104471743
0.91569449081803,0.09202000081865032,3.5555033174493698
0.9173606010016695,0.09202000076243128,3.554155425024886
0.9190267111853089,0.09202000071053225,3.5528075331402427
0.9206928213689483,0.0920200006625901,3.551459641763918
0.9223589315525876,0.09202000061827388,3.5501117508662396
0.924025041736227,0.09202000057728238,3.5487638604192675
0.9256911519198664,0.09202000053934088,3.5474159703967114
0.9273572621035059,0.09202000050419894,3.5460680807738054
0.9290233722871453,0.09202000047162831,3.544720191527251
0.9306894824707846,0.09202000044142063,3.543372302635097
0.932355592654424,0.09202000041338562,3.542024414076689
0.9340217028380634,0.09202000038734978,3.540676525832577
0.9356878130217028,0.09202000036315436,3.5393286378844486
0.9373539232053423,0.0920200003406544,3.537980750215068
0.9390200333889817,0.09202000031971723,3.536632862808201
0.940686143572621,0.09202000030022169,3.5352849756485636
0.9423522537562604,0.09202000028205663,3.533937088721766
0.9440183639398998,0.09202000026512043,3.532589202014263
0.9456844741235392,0.09202000024931992,3.531241315513297
0.9473505843071787,0.09202000023456969,3.529893429206858
0.949016694490818,0.09202000022079133,3.528545543083629
0.9506828046744574,0.0920200002079131,3.527197657132975
0.9523489148580968,0.09202000019586887,3.5258497713448573
0.9540150250417362,0.09202000018459801,3.5245018857098316
0.9556811352253756,0.09202000017404474,3.5231540002190176
0.9573472454090151,0.09202000016415779,3.521806114864038
0.9590133555926544,0.09202000015488991,3.5204582296370006
0.9606794657762938,0.09202000014619761,3.5191103445304925
0.9623455759599332,0.09202000013804082,3.517762459537515
0.9640116861435726,0.09202000013038249,3.5164145746514883
0.9656777963272121,0.09202000012318867,3.515066689866204
0.9673439065108514,0.09202000011642775,3.513718805175831
0.9690100166944908,0.09202000011007064,3.5123709205748685
0.9706761268781302,0.09202000010409046,3.5110230360581376
0.9723422370617696,0.09202000009846227,3.5096751516207565
0.974008347245409,0.09202000009316305,3.5083272672581316
0.9756744574290485,0.0920200000881714,3.5069793829659375
0.9773405676126878,0.09202000008346756,3.505631498740101
0.9790066777963272,0.09202000007903316,3.504283614576785
0.9806727879799666,0.09202000007485112,3.5029357304723714
0.982338898163606,0.09202000007090562,3.501587846423453
0.9840050083472454,0.0920200000671819,3.5002399624268286
0.9856711185308848,0.09202000006366631,3.498892078479477
0.9873372287145242,0.09202000006034608,3.4975441945785484
0.9890033388981636,0.09202000005720934,3.4961963107213663
0.990669449081803,0.09202000005424502,3.4948484269054028
0.9923355592654424,0.09202000005144279,3.4935005431282846
0.9940016694490817,0.09202000004879303,3.492152659387761
0.9956677796327212,0.09202000004628674,3.490804775681731
0.9973338898163606,0.09202000004391553,3.48945689200821
0.999,0.09202000004167152,3.488109008365319
